Afton,MO
Agency,MO
Almartha,MO
Alton,MO
Amsterdam,MO
Anderson,MO
Annapolis,MO
Arcadia,MO
Archie,MO
Arcola,MO
Arlington,MO
Arnold,MO
Arrow Rock,MO
Asbury,MO
Ashgrove,MO
Ashland,MO
Augusta,MO
Auxvasse,MO
Avenue City,MO
Avery,MO
Baldwin,MO
Ballwin,MO
Barnhart,MO
Bartlett,MO
Bates,MO
Bates City,MO
Beaumont,MO
Belgrade,MO
Belle,MO
Bellefontaine,MO
Bellflower,MO
Belton,MO
Bennett Springs,MO
Benton,MO
Benton County,MO
Berkeley,MO
Bernie,MO
Bevier,MO
Billings,MO
Birch Tree,MO
Bismarck,MO
Black,MO
Blackjack,MO
Blackwater,MO
Blackwell,MO
Blairstown,MO
Bland,MO
Bloomfield,MO
Blue Eye,MO
Blue Springs,MO
Bois D'Arc,MO
Bolivar,MO
Bonne Terre,MO
Boonville,MO
Boss,MO
Bragg City,MO
Branson,MO
Branson west,MO
Breckenridge,MO
Brentwood,MO
Bridgeton,MO
Brinktown,MO
Brookfield,MO
Brookline Station,MO
Bryant Creek,MO
Buckner,MO
Buffalo,MO
Bunker,MO
Butler,MO
Cabool,MO
California,MO
Camden point,MO
Camdenton,MO
Cameron,MO
Canton,MO
Cape Fair,MO
Cape Girardeau,MO
Carl Junction,MO
Carothersville,MO
Carr Lane,MO
Carrollton,MO
Carterville,MO
Carthage,MO
Caruthersville,MO
Cassville,MO
Catawissa,MO
Caufield,MO
Cedar Hill,MO
Cedarcreek,MO
Center,MO
Centertown,MO
Centralia,MO
Chaffee,MO
Chamois,MO
Charleston,MO
Cherokee Pass,MO
Chesterfield,MO
Chestnutridge,MO
Chillicothe,MO
Clarence,MO
Clark,MO
Clarksburg,MO
Clarksdale,MO
Claycomo,MO
Clayton,MO
Clearmont,MO
Climax Springs,MO
Clinton,MO
Coldwater,MO
Cole Camp,MO
Collins,MO
Columbia,MO
Concordia,MO
Conway,MO
Cosby,MO
Cottleville,MO
Crestwood,MO
Creve Coeur,MO
Creve Couer,MO
Cross Timbers,MO
Crystal City,MO
Cuba,MO
Dadeville,MO
Dardenne Prairie,MO
Dayton,MO
De Soto,MO
Dederick,MO
Deepwater,MO
Defiance,MO
Delta,MO
Des Peres,MO
Desloge,MO
Desoto,MO
Dexter,MO
Diamond,MO
Dittmer,MO
Dixon,MO
Dolittle,MO
Doniphan,MO
Dora,MO
Downtown St. Louis,MO
Drake,MO
Dutzow,MO
Earth City,MO
East Lynne,MO
East Prairie,MO
Easton,MO
Edgar Springs,MO
Edina,MO
Edwards,MO
El Dorado Springs,MO
Eldon,MO
Eldridge,MO
Elkland,MO
Ellisville,MO
Ellsinore,MO
Elsberry,MO
Eminence,MO
Emma,MO
Eugene,MO
Eureka,MO
Everton,MO
Ewing,MO
Excelsior springs,MO
Fair Grove,MO
Fair Play,MO
Farmington,MO
Fayette,MO
fenton,MO
Ferguson,MO
Festus,MO
Florissant,MO
Fordland,MO
Forestill,MO
Foristell,MO
Forsyth,MO
Fort Leonard Wood,MO
Frankford,MO
Franklin County,MO
Fredericktown,MO
Freeman,MO
French village,MO
Fristo,MO
Frontenac,MO
Frostbite Falls,MO
Ft. Leonard Wood,MO
Fulton,MO
Gainesville,MO
Galena,MO
Garden City,MO
Gasconade,MO
Gerald,MO
Gilman City,MO
Gladstone,MO
Glendale,MO
Glennonville,MO
Golden City,MO
Goodland,MO
Goodman,MO
Grain Valley,MO
Granby,MO
Grand Pass,MO
Grandview,MO
Grantwood village,MO
Granview,MO
Gray Summit,MO
Grayridge,MO
Green Ridge,MO
Greenfield,MO
Greenville,MO
Greenwood,MO
Grey Summit,MO
Hadley,MO
Hale,MO
Hallsville,MO
Hamilton,MO
Hannibal,MO
Hardin,MO
Harrisburg,MO
Harrisonville,MO
Hartsburg,MO
Hartville,MO
Harvester,MO
Hayti,MO
Hazelwood,MO
Henrietta,MO
Herculaneum,MO
Herman,MO
Hermann,MO
Hermitage,MO
Higginsville,MO
High Ridge,MO
Highridge,MO
Hillsboro,MO
Holden,MO
Hollister,MO
Holt,MO
Holt's Summit,MO
House Springs,MO
Houston,MO
Humansville,MO
Huntsville,MO
Hurley,MO
Iberia,MO
Imperial,MO
Independence,MO
Ironton,MO
Jackson,MO
Jasper,MO
Jefferson,MO
Jefferson City,MO
Jennings,MO
Jerome,MO
Jonesburg,MO
Joplin,MO
Kaiser,MO
Kansas City,MO
Karmala,MO
Kearney,MO
Kennett,MO
Kimberling City,MO
Kingdom City,MO
Kingsville,MO
Kirbyville,MO
Kirksville,MO
Kirkwood,MO
Knob Lick,MO
Knob Noster,MO
Koshkonong,MO
Krakow,MO
Labadie,MO
Laddonia,MO
Ladue,MO
Lake of the Ozarks,MO
Lake Ozark,MO
Lake Saint Louis,MO
Lake Springs,MO
Lake St. Louis,MO
Lakeview Estates,MO
LaMonte,MO
Lampe,MO
Lanagan,MO
Lancaster,MO
Laquey,MO
Lathrop,MO
Latour,MO
Laude,MO
Laurie,MO
Lebanon,MO
Lecoma,MO
Lee's Summit,MO
Lenexa,MO
Lesterville,MO
Levasy,MO
Lewisburg,MO
Lewistown,MO
Lexington,MO
Liberty,MO
Licking,MO
Lincoln,MO
Linn,MO
Linn Creek,MO
Little Dixie Lake,MO
Lockwood,MO
Lohman,MO
Lone Jack,MO
Lonedell,MO
Long lane,MO
Longview,MO
LOUISIANA,MO
Lowry City,MO
Macks Creek,MO
Macon,MO
Madison,MO
Malden,MO
Manchester,MO
Mansfield,MO
Maplewood,MO
Marble Hill,MO
Marceline,MO
Marshall,MO
Marshfield,MO
Marthasville,MO
Maryland Heights,MO
maryville,MO
McFall,MO
Mehlville,MO
Memphis,MO
Merriam Woods,MO
Mexico,MO
Miller,MO
Millersburg,MO
Millersville,MO
Milo,MO
Mineral Point,MO
Missouri City,MO
Moberly,MO
Monett,MO
Monroe City,MO
Montreal,MO
Moody,MO
Morehouse,MO
Morse Mill,MO
Moscow,MO
Moscow Mills,MO
Mount Vernon,MO
Mountain Grove,MO
Mountain View,MO
Mt Vernon,MO
Neosho,MO
Nevada,MO
New Bloomfield,MO
New Florence,MO
New Haven,MO
New Truxton,MO
Niangua,MO
Nickelville,MO
Nixa,MO
Normandy,MO
Norwood,MO
Novinger,MO
Oak Grove,MO
Oakville,MO
Oates,MO
O'Fallon,MO
Old Appleton,MO
Old Jamestown,MO
Oran,MO
osage beach,MO
Osceola,MO
Otto,MO
Overland,MO
Owensville,MO
Ozark,MO
Pacific,MO
Palmyra,MO
Paris,MO
Park Hills,MO
Parkville,MO
Passaic,MO
Paynesville,MO
Peace Vally,MO
Peculiar,MO
Peerless Park,MO
Perryville,MO
Petelo,MO
Pevely,MO
Philadelphia,MO
Piedmont,MO
Pierce City,MO
Pilot Knob,MO
Pineville,MO
Pittsburg,MO
Pittsville,MO
Platte City,MO
Pleasant Hill,MO
Polk,MO
Pomona,MO
Poplar Bluff,MO
Portage des Sioux,MO
Portageville,MO
Potosi,MO
Preston,MO
Pulaski,MO
Puxico,MO
Racine,MO
Raymondville,MO
Raymore,MO
Raytown,MO
Rayville,MO
Reading,MO
Reed Spring,MO
Republic,MO
Revere,MO
Rich Hill,MO
Richland,MO
Richmond,MO
Richmond Heights,MO
Richwoods,MO
Ridgedale,MO
Riggs,MO
Roach,MO
Robertsville,MO
Roby,MO
Rocheport,MO
Rock Port,MO
Rockaway Beach,MO
Rocky Mount,MO
Rogersville,MO
Rolla,MO
Rosebud,MO
Roselle,MO
Rosendale,MO
Russellville,MO
Saint Charles,MO
Saint James,MO
Saint Joseph,MO
Saint Louis,MO
Saint Mary,MO
Saint peters,MO
Salem,MO
Sarcoxie,MO
Savannah,MO
Scott City,MO
Sedalia,MO
Seeley Lake,MO
Seneca,MO
Seymour,MO
Shelbina,MO
Shell Knob,MO
Sibley,MO
Sikeston,MO
Silva,MO
Silvia,MO
Slater,MO
Smithton,MO
Smithville,MO
Smithville Lake,MO
Spanish Lake,MO
Spokane,MO
Springfield,MO
St Roberts,MO
St. Ann,MO
St. Charles,MO
st. clair,MO
St. James,MO
St. Joseph,MO
St. Louis,MO
St. Peters,MO
St. Robert,MO
St. Thomas,MO
Ste. Genevieve,MO
Steele,MO
Steelville,MO
Stockton,MO
Stockton Lake,MO
Stover,MO
Strafford,MO
Sturgeon,MO
Sugar Creek,MO
Sullivan,MO
Sunrise Beach,MO
Sunset Hills,MO
Sweet Springs,MO
Swiss,MO
Syracuse,MO
Tarkio,MO
Taylor,MO
Terre du Lac,MO
Texas County,MO
Thayer,MO
Theodosia,MO
Thompson,MO
Tightwad,MO
Tipton,MO
Tom Sauk Moutain,MO
Town and Country,MO
Trenton,MO
Trimble,MO
Troy,MO
Truman Lake area,MO
Truxton,MO
Union,MO
University city,MO
Valley Park,MO
Van Buren,MO
Vandalia,MO
Versailles,MO
Vichy,MO
Vienna,MO
Villa Ridge,MO
Vinita Park,MO
Walnut Shade,MO
Wappapello,MO
Warrensburg,MO
Warrenton,MO
Warsaw,MO
Washburn,MO
Washington,MO
Washington County,MO
Washinton,MO
Waynesville,MO
Webb City,MO
Webster Groves,MO
Weingarten,MO
Weldon Springs,MO
Wellington,MO
Wentworth,MO
Wentzville,MO
West Alton,MO
West Central Missouri,MO
West Plains,MO
Westboro,MO
Weston,MO
Wheatland,MO
Whiteman AFB,MO
Wildwood,MO
Willard,MO
Williamsburg,MO
Williamsville,MO
Willow Springs,MO
Wilton,MO
Windsor,MO
Winfield,MO
Wright city,MO
